R2,MAE,RMSE,Accuracy_aproximado
0.7384935433441373,2768339.0854271357,4893661.213834106,0.41457286432160806
